{"cameraMode":{"drawMode":0,"name":"Shaded","section":"Shading Mode"},"sceneLighting":false,"audioPlay":false,"sceneViewState":{"m_AlwaysRefresh":false,"showFog":true,"showSkybox":false,"showFlares":true,"showImageEffects":true,"showParticleSystems":true,"showVisualEffectGraphs":true,"m_FxEnabled":false},"in2DMode":false,"pivot":{"x":0.861907958984375,"y":-11.61148452758789,"z":-0.03144550323486328},"rotation":{"x":0.03132469207048416,"y":0.9296756982803345,"z":-0.35791635513305666,"w":0.08136403560638428},"size":10.90524673461914,"orthographic":true}