{"cameraMode":{"drawMode":0,"name":"Shaded","section":"Shading Mode"},"sceneLighting":false,"audioPlay":false,"sceneViewState":{"m_AlwaysRefresh":false,"showFog":true,"showSkybox":false,"showFlares":true,"showImageEffects":true,"showParticleSystems":true,"showVisualEffectGraphs":true,"m_FxEnabled":false},"in2DMode":false,"pivot":{"x":0.861907958984375,"y":-11.61148452758789,"z":-0.03144550323486328},"rotation":{"x":0.16081438958644868,"y":0.07601741701364517,"z":-0.012427235022187233,"w":0.9839874505996704},"size":8.931870460510254,"orthographic":true}