{"cameraMode":{"drawMode":0,"name":"Shaded","section":"Shading Mode"},"sceneLighting":false,"audioPlay":false,"sceneViewState":{"m_AlwaysRefresh":false,"showFog":true,"showSkybox":false,"showFlares":true,"showImageEffects":true,"showParticleSystems":true,"showVisualEffectGraphs":true,"m_FxEnabled":false},"in2DMode":false,"pivot":{"x":-0.9060921669006348,"y":-1.3893775939941407,"z":1.7261568307876588},"rotation":{"x":0.4790754020214081,"y":0.047356147319078448,"z":-0.025895247235894204,"w":0.8761129975318909},"size":10.008081436157227,"orthographic":true}