{"cameraMode":{"drawMode":0,"name":"Shaded","section":"Shading Mode"},"sceneLighting":false,"audioPlay":false,"sceneViewState":{"m_AlwaysRefresh":false,"showFog":true,"showSkybox":false,"showFlares":true,"showImageEffects":true,"showParticleSystems":true,"showVisualEffectGraphs":true,"m_FxEnabled":false},"in2DMode":false,"pivot":{"x":-0.9060921669006348,"y":-1.3893775939941407,"z":1.7261568307876588},"rotation":{"x":0.004320415668189526,"y":-0.77956622838974,"z":0.005377121735364199,"w":0.6262848377227783},"size":16.699506759643556,"orthographic":true}