{"cameraMode":{"drawMode":0,"name":"Shaded","section":"Shading Mode"},"sceneLighting":false,"audioPlay":false,"sceneViewState":{"m_AlwaysRefresh":false,"showFog":true,"showSkybox":false,"showFlares":true,"showImageEffects":true,"showParticleSystems":true,"showVisualEffectGraphs":true,"m_FxEnabled":false},"in2DMode":false,"pivot":{"x":0.7663531303405762,"y":-1.8657965660095215,"z":0.030336856842041017},"rotation":{"x":0.16337376832962037,"y":0.10191241651773453,"z":-0.016970381140708925,"w":0.9811419248580933},"size":7.659573554992676,"orthographic":true}