{"cameraMode":{"drawMode":0,"name":"Shaded","section":"Shading Mode"},"sceneLighting":false,"audioPlay":false,"sceneViewState":{"m_AlwaysRefresh":false,"showFog":true,"showSkybox":false,"showFlares":true,"showImageEffects":true,"showParticleSystems":true,"showVisualEffectGraphs":true,"m_FxEnabled":false},"in2DMode":false,"pivot":{"x":0.4068279266357422,"y":-8.305691719055176,"z":0.18790340423583985},"rotation":{"x":0.08030933886766434,"y":0.007475765887647867,"z":-0.0006026366609148681,"w":0.996742844581604},"size":13.633845329284668,"orthographic":true}