{"cameraMode":{"drawMode":0,"name":"Shaded","section":"Shading Mode"},"sceneLighting":false,"audioPlay":false,"sceneViewState":{"m_AlwaysRefresh":false,"showFog":true,"showSkybox":false,"showFlares":true,"showImageEffects":true,"showParticleSystems":true,"showVisualEffectGraphs":true,"m_FxEnabled":false},"in2DMode":false,"pivot":{"x":-0.10344910621643067,"y":-1.2365336418151856,"z":0.08863043785095215},"rotation":{"x":0.16081438958644868,"y":0.07601741701364517,"z":-0.012427235022187233,"w":0.9839874505996704},"size":4.283148765563965,"orthographic":true}