{"cameraMode":{"drawMode":0,"name":"Shaded","section":"Shading Mode"},"sceneLighting":false,"audioPlay":false,"sceneViewState":{"m_AlwaysRefresh":false,"showFog":true,"showSkybox":false,"showFlares":true,"showImageEffects":true,"showParticleSystems":true,"showVisualEffectGraphs":true,"m_FxEnabled":false},"in2DMode":false,"pivot":{"x":0.48064613342285159,"y":-7.0103302001953129,"z":1.0043907165527344},"rotation":{"x":0.2255610078573227,"y":-0.30647215247154238,"z":0.07499901205301285,"w":0.9217225909233093},"size":11.94874095916748,"orthographic":true}