{"cameraMode":{"drawMode":0,"name":"Shaded","section":"Shading Mode"},"sceneLighting":false,"audioPlay":false,"sceneViewState":{"m_AlwaysRefresh":false,"showFog":true,"showSkybox":false,"showFlares":true,"showImageEffects":true,"showParticleSystems":true,"showVisualEffectGraphs":true,"m_FxEnabled":true},"in2DMode":false,"pivot":{"x":-0.05258941650390625,"y":-0.8459737300872803,"z":0.0011408329010009766},"rotation":{"x":0.2139841616153717,"y":-0.10380912572145462,"z":0.022876346483826639,"w":0.9710429906845093},"size":2.4249846935272219,"orthographic":true}