{"cameraMode":{"drawMode":0,"name":"Shaded","section":"Shading Mode"},"sceneLighting":false,"audioPlay":false,"sceneViewState":{"m_AlwaysRefresh":false,"showFog":true,"showSkybox":true,"showFlares":true,"showImageEffects":true,"showParticleSystems":true,"showVisualEffectGraphs":true,"m_FxEnabled":false},"in2DMode":false,"pivot":{"x":-1.6740756034851075,"y":-10.15849781036377,"z":14.430602073669434},"rotation":{"x":0.09732925891876221,"y":-0.018807370215654374,"z":0.001845958991907537,"w":0.995094895362854},"size":14.634005546569825,"orthographic":true}