{"cameraMode":{"drawMode":0,"name":"Shaded","section":"Shading Mode"},"sceneLighting":false,"audioPlay":false,"sceneViewState":{"m_AlwaysRefresh":false,"showFog":true,"showSkybox":true,"showFlares":true,"showImageEffects":true,"showParticleSystems":true,"showVisualEffectGraphs":true,"m_FxEnabled":false},"in2DMode":false,"pivot":{"x":-0.0034607648849487306,"y":0.5054837465286255,"z":-0.002472326159477234},"rotation":{"x":0.31976592540740969,"y":-0.009949378669261933,"z":0.003357326379045844,"w":0.9474424719810486},"size":40.20545196533203,"orthographic":true}