{"cameraMode":{"drawMode":0,"name":"Shaded","section":"Shading Mode"},"sceneLighting":false,"audioPlay":false,"sceneViewState":{"m_AlwaysRefresh":false,"showFog":true,"showSkybox":true,"showFlares":true,"showImageEffects":true,"showParticleSystems":true,"showVisualEffectGraphs":true,"m_FxEnabled":false},"in2DMode":false,"pivot":{"x":18.25967025756836,"y":43.081790924072269,"z":320.33221435546877},"rotation":{"x":0.16277284920215608,"y":-0.0008862855029292405,"z":0.0001463555236114189,"w":0.9866655468940735},"size":439.05926513671877,"orthographic":true}