{"cameraMode":{"drawMode":0,"name":"Shaded","section":"Shading Mode"},"sceneLighting":false,"audioPlay":false,"sceneViewState":{"m_AlwaysRefresh":false,"showFog":true,"showSkybox":true,"showFlares":true,"showImageEffects":true,"showParticleSystems":true,"showVisualEffectGraphs":true,"m_FxEnabled":false},"in2DMode":false,"pivot":{"x":-2.36655592918396,"y":26.27923583984375,"z":3.829720973968506},"rotation":{"x":0.03149469941854477,"y":0.001499254023656249,"z":-0.00004721884761238471,"w":0.9995036125183106},"size":62.642704010009769,"orthographic":true}