{"cameraMode":{"drawMode":0,"name":"Shaded","section":"Shading Mode"},"sceneLighting":false,"audioPlay":false,"sceneViewState":{"m_AlwaysRefresh":false,"showFog":true,"showSkybox":true,"showFlares":true,"showImageEffects":true,"showParticleSystems":true,"showVisualEffectGraphs":true,"m_FxEnabled":false},"in2DMode":false,"pivot":{"x":36.31534957885742,"y":56.29375076293945,"z":71.34615325927735},"rotation":{"x":-0.23594488203525544,"y":0.049273595213890079,"z":-0.011951269581913948,"w":-0.9704555869102478},"size":28.19859504699707,"orthographic":true}