{"cameraMode":{"drawMode":0,"name":"Shaded","section":"Shading Mode"},"sceneLighting":false,"audioPlay":false,"sceneViewState":{"m_AlwaysRefresh":false,"showFog":true,"showSkybox":true,"showFlares":true,"showImageEffects":true,"showParticleSystems":true,"showVisualEffectGraphs":true,"m_FxEnabled":false},"in2DMode":false,"pivot":{"x":-0.21893736720085145,"y":0.49736881256103518,"z":0.0026525333523750307},"rotation":{"x":0.21182867884635926,"y":-0.33987894654273989,"z":0.07886805385351181,"w":0.9129283428192139},"size":9.83900260925293,"orthographic":true}