{"cameraMode":{"drawMode":0,"name":"Shaded","section":"Shading Mode"},"sceneLighting":false,"audioPlay":false,"sceneViewState":{"m_AlwaysRefresh":false,"showFog":true,"showSkybox":true,"showFlares":true,"showImageEffects":true,"showParticleSystems":true,"showVisualEffectGraphs":true,"m_FxEnabled":false},"in2DMode":false,"pivot":{"x":0.4332621097564697,"y":-0.22014665603637696,"z":1.6664164066314698},"rotation":{"x":0.17681081593036652,"y":-0.08992056548595429,"z":0.016223497688770295,"w":0.9799940586090088},"size":13.679292678833008,"orthographic":true}