{"cameraMode":{"drawMode":0,"name":"Shaded","section":"Shading Mode"},"sceneLighting":false,"audioPlay":false,"sceneViewState":{"m_AlwaysRefresh":false,"showFog":true,"showSkybox":true,"showFlares":true,"showImageEffects":true,"showParticleSystems":true,"showVisualEffectGraphs":true,"m_FxEnabled":false},"in2DMode":false,"pivot":{"x":0.02472960203886032,"y":-2.4500532150268556,"z":0.8688883185386658},"rotation":{"x":0.0618564672768116,"y":0.7517907023429871,"z":-0.07125644385814667,"w":0.6526158452033997},"size":9.022278785705567,"orthographic":true}