{"cameraMode":{"drawMode":0,"name":"Shaded","section":"Shading Mode"},"sceneLighting":false,"audioPlay":false,"sceneViewState":{"m_AlwaysRefresh":false,"showFog":true,"showSkybox":false,"showFlares":true,"showImageEffects":true,"showParticleSystems":true,"showVisualEffectGraphs":true,"m_FxEnabled":false},"in2DMode":false,"pivot":{"x":-0.48064613342285159,"y":-13.00404167175293,"z":1.1027116775512696},"rotation":{"x":-0.00023051640891935676,"y":0.9661378264427185,"z":-0.25804823637008669,"w":-0.0008584429742768407},"size":33.779052734375,"orthographic":true}