{"cameraMode":{"drawMode":0,"name":"Shaded","section":"Shading Mode"},"sceneLighting":false,"audioPlay":false,"sceneViewState":{"m_AlwaysRefresh":false,"showFog":true,"showSkybox":false,"showFlares":true,"showImageEffects":true,"showParticleSystems":true,"showVisualEffectGraphs":true,"m_FxEnabled":false},"in2DMode":false,"pivot":{"x":-31.752164840698243,"y":108.58768463134766,"z":-8.141217231750489},"rotation":{"x":-0.10174362361431122,"y":-0.03937704488635063,"z":0.004030501935631037,"w":-0.9940245151519775},"size":211.60665893554688,"orthographic":true}